id,title,url,upload_date,view_count,duration_min
-51niqvmHBg,"[New Fact] Rakuten Mobile's ""Dual Line Operation"" is the best! 6GB and unlimited calls for 0 yen ...",https://www.youtube.com/watch?v=-51niqvmHBg,,145668,16.2
k9tORJkQwkI,[Free for Life] Convert Rakuten Mobile to a Fixed Line (Demonstration of Application Method / Sma...,https://www.youtube.com/watch?v=k9tORJkQwkI,,61252,21.6
99b5xTofsUM,[99% of people don't know] Rakuten Mobile's Top 4 Operational Tips,https://www.youtube.com/watch?v=99b5xTofsUM,,43038,29.5
vWe8klgvb_Y,"[New Common Sense] No fiber optic connection required with Rakuten Mobile. Tethering, pocket Wi-F...",https://www.youtube.com/watch?v=vWe8klgvb_Y,,40762,26.4
Ar2HEsoZzxA,ã€å…‰å›ç·šã¯æ¯å¹´8.4ä¸‡å††ã®ãƒ ãƒ€ã€‘æ¥½å¤©ãƒ¢ãƒã‚¤ãƒ«å›ºå®šå›ç·šåŒ–ã§10.9ä¸‡å††ãƒˆã‚¯ï½œå®Œå…¨ãƒ­ãƒ¼ãƒ‰ãƒãƒƒãƒ—,https://www.youtube.com/watch?v=Ar2HEsoZzxA,,37843,32.8
r6xrVXBfNzw,[Warning] How to buy the latest smartphone at Rakuten Mobile for less than 1 yen,https://www.youtube.com/watch?v=r6xrVXBfNzw,,31571,16.2
Xymiy5mv61s,ã€é€šè©±æ–™0å††ã€‘æ¥½å¤©ãƒ¢ãƒã‚¤ãƒ«ã®æ¥½å¤©ãƒªãƒ³ã‚¯å®Œå…¨è§£èª¬ï¼éŸ³è³ªãƒ»æ³¨æ„ç‚¹ãƒ»å¯¾ç­–æ³•ã¾ã§ã‚³ãƒ¬ä¸€æœ¬ã§å®Œçµï¼,https://www.youtube.com/watch?v=Xymiy5mv61s,,31241,20.2
92NrwiO6RQA,"[2026 Update] Switching to Rakuten Mobile Will Be a Big Loser | Complete Steps to Get Up to Â¥70,0...",https://www.youtube.com/watch?v=92NrwiO6RQA,,31214,32.9
56O2A8sjXp8,[This is the best] Rakuten Mobile x Dual SIM! Complete guide to trying it out for free!,https://www.youtube.com/watch?v=56O2A8sjXp8,,29284,14.3
fgh1mJsR_q0,[Danger] 5 Things You Should Never Do When Using Rakuten Mobile + 2 Tips to Save Money,https://www.youtube.com/watch?v=fgh1mJsR_q0,,28844,24.7
-mFlIpFNUxM,ã€æœ€å¼·ã€‘æ¥½å¤©ãƒ¢ãƒã‚¤ãƒ«ã€ãƒã‚±ãƒƒãƒˆWi-Fiã‚’ãƒ¬ãƒ“ãƒ¥ãƒ¼&1ç•ªãŠå¾—ãªç”³è¾¼æ‰‹é †ã‚‚è§£èª¬ã€Rakuten WiFi Pocket Platinumã€‘,https://www.youtube.com/watch?v=-mFlIpFNUxM,,26504,22.4
RZeUV7A2MSU,[2025] Rakuten Mobile's big comeback! A thorough explanation of its three secret strategies!,https://www.youtube.com/watch?v=RZeUV7A2MSU,,23962,14.4
6Tlhc9p_ews,"[Employee's Guide] How to Save 132,000 Yen with Rakuten Mobile! The Ultimate Application ProcedureğŸ”°",https://www.youtube.com/watch?v=6Tlhc9p_ews,,23669,34.8
NywkYrZ5Oco,"[Employees Reveal Everything] Rakuten Mobile's ""7 Essential Settings"" You'll Miss Out If You Don'...",https://www.youtube.com/watch?v=NywkYrZ5Oco,,23092,25.6
04R8FyeKPQA,[Employees' Tips] Rakuten Mobile's Top 5 Ultimate Tips,https://www.youtube.com/watch?v=04R8FyeKPQA,,21539,27.4
zJAgRFoKjTs,"[Shocking] Why will Rakuten Mobile be the strongest in 2026? Employees reveal ""5 revolutions""",https://www.youtube.com/watch?v=zJAgRFoKjTs,,19302,25.9
J-f0pEFEGLs,ã€ç·Šæ€¥ã€‘æ¥½å¤©ãƒ¢ãƒã‚¤ãƒ«ã€ä¸‰æœ¨è°·ã‚­ãƒ£ãƒ³ãƒšãƒ¼ãƒ³ãŒãƒ«ãƒ¼ãƒ«å¤‰æ›´ã€5â†’1å›ç·šã®ã¿é©ç”¨ãªã©ã€‘,https://www.youtube.com/watch?v=J-f0pEFEGLs,,18822,9.5
KhJcBNBvmCs,"[Employee Confession] For those considering Rakuten Mobile, find out the truth first",https://www.youtube.com/watch?v=KhJcBNBvmCs,,17419,14.8
OH01APfUVsU,"[Irreversible] Why did the ""unauthorized access"" to Rakuten accounts occur? An employee tells us ...",https://www.youtube.com/watch?v=OH01APfUVsU,,16063,17.6
Nd2UuwF7ahI,[Discovered by Rakuten Mobile Employees] 7 Great Reasons to Own Two Smartphones! Tips and Tricks ...,https://www.youtube.com/watch?v=Nd2UuwF7ahI,,15165,24.2
Pbqof2KOh8A,"[90% of users lose] Changing your phone can waste 100,000 yen just by not knowing about it! Rakut...",https://www.youtube.com/watch?v=Pbqof2KOh8A,,15158,22.4
WFfz6mkNo0c,[Shocking] Rakuten Mobile's 5 Best Pairings,https://www.youtube.com/watch?v=WFfz6mkNo0c,,15059,21.8
DqsRNB1uPoE,[Rakuten Mobile] A complete guide to the Mikitani campaign! Employees share secret tips and trick...,https://www.youtube.com/watch?v=DqsRNB1uPoE,,14995,18.2
rspou_21JLw,"[Learn everything you need to know in one video!] Get up to 70,000 yen from Rakuten Mobile! Appli...",https://www.youtube.com/watch?v=rspou_21JLw,,13742,32.8
SopldR0Ysdk,ã€Androidå€¤ä¸‹ã’ã€‘æ¥½å¤©ãƒ¢ãƒã‚¤ãƒ«ã€2025å¹´è²·ã†ã¹ãã‚¹ãƒãƒ›3é¸/ã‚ªã‚¹ã‚¹ãƒ¡ã—ãªã„æ©Ÿç¨®ã‚’å®Œå…¨è§£èª¬,https://www.youtube.com/watch?v=SopldR0Ysdk,,13370,16.4
2DnKa6lQ25A,[Rakuten Mobile Employee's Decision] I'm Revealing Everything About My Past (including Important ...,https://www.youtube.com/watch?v=2DnKa6lQ25A,,13185,15.4
McY4oyhtlRc,ã€èª°ã‚‚æ•™ãˆãªã„ã€‘æ¥½å¤©ãƒ¢ãƒã‚¤ãƒ«ã€ã‚¨ãƒªã‚¢é›»æ³¢ä¸å®‰ã®è§£æ±ºæ–¹æ³•ï¼ˆå…¬å¼HPã§ç¢ºèª/ç¤¾å“¡ã¸ç¢ºèªä¾é ¼/ãƒ‡ãƒ¥ã‚¢ãƒ«SIMã®ã‚µãƒ–å›ç·šã§è©¦ã™ï¼‰,https://www.youtube.com/watch?v=McY4oyhtlRc,,12983,14.2
Wli2PLDde68,"[Warning] Rakuten Mobile employees' honest thoughts: If things continue as they are, ""Japan's com...",https://www.youtube.com/watch?v=Wli2PLDde68,,11705,13.0
LgZEC_i4Qek,"[Free consultation] Everything you need to know about Rakuten Mobile stores! Benefits, important ...",https://www.youtube.com/watch?v=LgZEC_i4Qek,,11550,19.0
5-oLGbBaHiM,[Employee Referral Campaign] Rakuten Mobile Getting Started Manual ğŸ“± If you read this before appl...,https://www.youtube.com/watch?v=5-oLGbBaHiM,,9893,33.9
6qSPnEtZbEY,ã€è¦æ³¨æ„ã€‘æ¥½å¤©ãƒ¢ãƒã‚¤ãƒ«ã€2æœˆã€œSPUç‰¹å…¸ãƒ«ãƒ¼ãƒ«ãŒå¤‰æ›´ã€çµè«–ï¼š1å›ã‚¨ãƒ³ãƒˆãƒªãƒ¼ã™ã‚Œã°ã€å•é¡Œãªã—ã€‘,https://www.youtube.com/watch?v=6qSPnEtZbEY,,8510,10.6
wvPwAG6lgTs,[Special Notice] For those who have canceled their Rakuten Mobile contract. Renew your contract a...,https://www.youtube.com/watch?v=wvPwAG6lgTs,,8043,15.9
SqCLNiKUM4s,Common traits of people who regret switching to eSIM | Rakuten Mobile employee warns,https://www.youtube.com/watch?v=SqCLNiKUM4s,,7633,13.5
dv_1YWaei18,[Price hike? Loss? Bankruptcy?] Rakuten Mobile employees give their honest answers to the top 5 o...,https://www.youtube.com/watch?v=dv_1YWaei18,,7213,17.2
3Iup8k4-5L4,ã€æ–°å¸¸è­˜ã€‘æ¥½å¤©ãƒ¢ãƒã‚¤ãƒ«ã€16ãƒ¶æœˆç„¡æ–™ã«ã™ã‚‹æ–¹æ³•ï¼65æ­³ä»¥ä¸Šã¯çµ¶å¯¾ã“ã‚Œï¼,https://www.youtube.com/watch?v=3Iup8k4-5L4,,7212,13.2
-AtIBQtBupM,ã€èª°ã§ã‚‚ã§ãã‚‹ã€‘æ¥½å¤©ãƒ¢ãƒã‚¤ãƒ«ã®å¥‘ç´„ç‰¹å…¸13é¸ï¼å…¨ã¦ç„¡æ–™ã®æœ€æ–°ç‰ˆï¼å¹´é–“10ä¸‡ä»¥ä¸ŠãŠå¾—ã€ç¤¾å“¡ãŒå®Œå…¨è§£èª¬ã€‘,https://www.youtube.com/watch?v=-AtIBQtBupM,,6860,22.4
qlbMtxy3a1Q,"[Hurry in January] Rakuten Mobile surpasses 10 million lines! If you don't act now, you could los...",https://www.youtube.com/watch?v=qlbMtxy3a1Q,,6663,14.3
hYjbjP173-U,"[Latest February 2026] Rakuten Mobile's latest campaign! A trick to get 37,500 yen worth of point...",https://www.youtube.com/watch?v=hYjbjP173-U,,6633,36.0
9UycOpMUWn8,ã€ç°¡å˜ã€‘æ¥½å¤©ãƒ¢ãƒã‚¤ãƒ«ã®ãƒ†ã‚¶ãƒªãƒ³ã‚°ã§é€šä¿¡è²»ç¯€ç´„ï¼è¨­å®šï¼†ä½¿ã„æ–¹ã‚‚å®Ÿæ¼”è§£èª¬ï¼ãƒ‡ãƒ¡ãƒªãƒƒãƒˆã€ãƒ¡ãƒªãƒƒãƒˆã‚‚å…¨ã¦è©±ã™ï¼,https://www.youtube.com/watch?v=9UycOpMUWn8,,6446,16.7
0Meg0M9vbro,[Shocking] Try Rakuten Mobile for free for 10 months! Benefits drastically increased from September,https://www.youtube.com/watch?v=0Meg0M9vbro,,5722,8.1
pb-M_N7j5WI,"[Rakuten Mobile] Earn 50,000 yen at the Magical Deals Festival! Secret tips from our employees re...",https://www.youtube.com/watch?v=pb-M_N7j5WI,,5289,10.5
3t-BOPHOGnI,ã€ãƒã‚¸ã§å¾Œæ‚”ã€‘æ¥½å¤©ãƒ¢ãƒã‚¤ãƒ«ã‚’å¥‘ç´„ã—ã¦ã¯ã„ã‘ãªã„ã€Œ6ã¤ã®ç†ç”±ã€å…¨éƒ¨è©±ã—ã¾ã™,https://www.youtube.com/watch?v=3t-BOPHOGnI,,5164,19.9
zhbmlz_Whlw,[End of the month or beginning of the month] The best time to apply for Rakuten Mobile! When is t...,https://www.youtube.com/watch?v=zhbmlz_Whlw,,5133,12.7
RN79AK-n6L4,ã€2025å¹´æœ€æ–°ã€‘ã‚¹ãƒãƒ›ä¹—ã‚Šæ›ãˆ ã‚ªã‚¹ã‚¹ãƒ¡TOP3ã€æ¥½å¤©ãƒ¢ãƒã‚¤ãƒ«ç¤¾å“¡ãŒå¿–åº¦0ã§è§£èª¬ã€‘,https://www.youtube.com/watch?v=RN79AK-n6L4,,4926,22.4
-WgWvrTA02I,ã€5å¹´ãƒ¬ãƒ“ãƒ¥ãƒ¼ã€‘æ¥½å¤©ãƒ¢ãƒã‚¤ãƒ«ã¯æœ¬å½“ã«ãŠã™ã™ã‚ï¼Ÿç¤¾å“¡ãŒã‚¬ãƒã§ç­”ãˆã¾ã™,https://www.youtube.com/watch?v=-WgWvrTA02I,,4789,14.0
3aKr0vSOM8s,ã€ç·Šæ€¥ã€‘æ¥½å¤©ãƒ¢ãƒã‚¤ãƒ«ç¤¾å“¡ã‹ã‚‰å¤§åˆ‡ãªã”å ±å‘Šã¨ã€è‡ªå·±ç´¹ä»‹,https://www.youtube.com/watch?v=3aKr0vSOM8s,,4293,9.2
LqOHus2A7Ws,"[Revolution] Rakuten Mobile's ""Strongest U-NEXT"" launches in October! A must-see for all users",https://www.youtube.com/watch?v=LqOHus2A7Ws,,4169,10.2
Z8raRV1FUhg,"[Rakuten, an emergency situation] Points are being distributed to all users. Super Rakuten Festival",https://www.youtube.com/watch?v=Z8raRV1FUhg,,4077,9.1
nL479oQyfxI,[Must-See] Rakuten Mobile's signal strength in all 47 prefectures is revealed! We also share the ...,https://www.youtube.com/watch?v=nL479oQyfxI,,4068,44.8
3sRl3VM3eMs,ã€2025å¹´æœ€æ–°ã€‘æ¥½å¤©çµŒæ¸ˆåœã§å¹´10ä¸‡ãƒã‚¤ãƒ³ãƒˆè²°ã†æ–¹æ³•ã€æ¥½å¤©ãƒ¢ãƒã‚¤ãƒ«ç¤¾å“¡ãŒè§£èª¬ã€‘,https://www.youtube.com/watch?v=3sRl3VM3eMs,,3942,25.5
qEM8xjGpWP4,"ã€æ–°ãƒ«ãƒ¼ãƒ«ã€‘æ¥½å¤©ãƒ¢ãƒã‚¤ãƒ«ã€4æœˆï½1å¹´æœªæº€ã®è§£ç´„ã§æ‰‹æ•°æ–™ç™ºç”Ÿã€æœ€å¤§ã§ã‚‚1,078å††ã€‘",https://www.youtube.com/watch?v=qEM8xjGpWP4,,3637,8.5
rBGqrxrB7NU,[Street Interview] What do you really think about Rakuten Mobile?,https://www.youtube.com/watch?v=rBGqrxrB7NU,,3536,16.2
mrHmRlRMSzM,[Employees' honest opinions] Answers to all your important questions about Rakuten Mobile!,https://www.youtube.com/watch?v=mrHmRlRMSzM,,3443,17.0
ebB6Luq713M,ã€çŸ¥ã‚‰ãªã„ã¨æã€‘æ¥½å¤©ãƒ¢ãƒã‚¤ãƒ«æ–™é‡‘ã€ä¸‹ã’ã‚Œã¾ã™ã€ãƒã‚¤ãƒ³ãƒˆé‚„å…ƒâ†’å€¤å¼•ãã«æ”¹å–„ã€‘,https://www.youtube.com/watch?v=ebB6Luq713M,,3118,11.9
whOFUOS3PSg,ã€ç¤¾å“¡ãŒå¾¹åº•æ¯”è¼ƒã€‘æ¥½å¤©ãƒ¢ãƒã‚¤ãƒ«VSãƒ›ãƒªã‚¨ãƒ¢ãƒã‚¤ãƒ«ï¼å‹ã¤ã®ã¯ã©ã£ã¡ï¼Ÿ,https://www.youtube.com/watch?v=whOFUOS3PSg,,2507,20.0
XLCA_S1iIJA,"ã€ç·Šæ€¥ç™ºè¡¨ã€‘æ¥½å¤©ãƒ¢ãƒã‚¤ãƒ«Ã—U-NEXTå¤¢ã®ã‚³ãƒ©ãƒœï¼æœˆ1,089å††ãŠå¾—ã«ãªã‚‹æ–¹æ³•",https://www.youtube.com/watch?v=XLCA_S1iIJA,,2250,8.6
MCXLfpZJuhw,ã€å¦»VSå¤«ã€‘æ¥½å¤©ãƒ¢ãƒã‚¤ãƒ«ã€å¥‘ç´„ã—ãªã„å¦»ã¸å¿…æ­»ã®ææ¡ˆã€è¡æ’ƒã®çµæœ«ã€‘,https://www.youtube.com/watch?v=MCXLfpZJuhw,,1954,17.5
HNNnASyNa0o,ã€æ¤œè¨¼ã€‘æ¥½å¤©ãƒ¢ãƒã‚¤ãƒ«ã®é›»æ³¢èª¿æŸ»ï¼ãƒ™ãƒˆãƒŠãƒ æµ·å¤–ã§ã€Œç¹‹ãŒã‚‹ã‹ã€ç¢ºèªã—ã¦ã¿ãŸã€‚,https://www.youtube.com/watch?v=HNNnASyNa0o,,1878,14.0
K3ZEjJParFY,[A day in the life of a Rakuten Mobile employee who has always failed],https://www.youtube.com/watch?v=K3ZEjJParFY,,1793,31.6
akmACwAk8oo,"[New Application Method] Rakuten Mobile's ""free phone"" service is now available! But if you call ...",https://www.youtube.com/watch?v=akmACwAk8oo,,1648,16.9
-IKk8sSIVHw,"[Ending in February] Rakuten Mobile vs. Rakuten Market: If you don't choose correctly, you could ...",https://www.youtube.com/watch?v=-IKk8sSIVHw,,1647,14.6
psl9TVQ9dss,ã€å¯¾æ±ºã€‘æ¥½å¤©ãƒ¢ãƒã‚¤ãƒ«ã€æœ€å¼·ã‚·ãƒ‹ã‚¢ãƒ—ãƒ­ã‚°ãƒ©ãƒ ã‚’ææ¡ˆã€æ¥½å¤©ç¤¾å“¡ï¼ˆå­«ï¼‰ãŒæœ¬æ°—èª¬å¾—ã€‘,https://www.youtube.com/watch?v=psl9TVQ9dss,,1277,15.1
7pTRGg8E-WQ,[New standard overseas] Rakuten Mobile offers up to 2GB of free data each month! No additional su...,https://www.youtube.com/watch?v=7pTRGg8E-WQ,,1194,11.1
b0anEQ9F5QQ,ã€å®Œå…¨ç‰ˆã€‘æ¥½å¤©ã®æ­´å²ã€å‰µæ¥­ï½ãƒ¢ãƒã‚¤ãƒ«é»’å­—åŒ–ã¾ã§ï¼ˆå¤±æ•—ã¨æˆåŠŸã®å…¨è¨˜éŒ²ï¼‰,https://www.youtube.com/watch?v=b0anEQ9F5QQ,,1147,30.3
